shopname,addr,telephone,latitude,longitude
역삼아레나빌딩,서울특별시 강남구 언주로 425 (역삼동),02-568-3762,37.613433,127.077484
논현역사거리,서울특별시 강남구 강남대로 538 (논현동),02-3442-3672,37.613433,127.077484
국기원사거리,서울특별시 강남구 테헤란로 125 (역삼동),02-568-3668,37.613433,127.077484
대치대원빌딩R,서울특별시 강남구 남부순환로 2947 (대치동),02-568-3704,37.613433,127.077484
삼성역섬유센터R,서울특별시 강남구 테헤란로 518 (대치동),02-568-3648,37.613433,127.077484
압구정R,서울특별시 강남구 언주로 861 (신사동),02-541-3622,37.613433,127.077484
수서역R,서울특별시 강남구 광평로 281 (수서동),02-6181-3688,37.613433,127.077484
양재강남빌딩R,서울특별시 강남구 남부순환로 2621 (도곡동),02-571-3604,37.613433,127.077484
선릉동신빌딩R,서울특별시 강남구 테헤란로 409 (삼성동),02-2051-3562,37.613433,127.077484
봉은사로선정릉,서울특별시 강남구 봉은사로 446 (삼성동),02-539-3564,37.613433,127.077484
강남오거리,서울특별시 강남구 봉은사로2길 39 (역삼동),02-557-3484,37.613433,127.077484
스타필드코엑스몰R,서울특별시 강남구 영동대로 513 (삼성동),02-6002-3467,37.613433,127.077484
강남구청정문,서울특별시 강남구 학동로 419 (청담동),02-514-3397,37.613433,127.077484
도곡공원,서울특별시 강남구 도곡로 205 (역삼동),02-565-3496,37.613433,127.077484
강남R,서울특별시 강남구 강남대로 390 (역삼동),02-561-3478,37.613433,127.077484
대치은마사거리,서울특별시 강남구 도곡로 457 (대치동),02-554-3315,37.613433,127.077484
청담영동대로,서울특별시 강남구 영동대로 720 (청담동),02-3443-3371,37.613433,127.077484
압구정,서울특별시 강남구 압구정로30길 17 (신사동),02-541-3306,37.613433,127.077484
신사가로수,서울특별시 강남구 압구정로12길 32 (신사동),02-3446-3356,37.613433,127.077484
청담스타R,서울특별시 강남구 도산대로57길 24 (청담동),02-514-3364,37.613433,127.077484
강남우성,서울특별시 강남구 강남대로 328 (역삼동),02-565-3347,37.613433,127.077484
학동사거리,서울특별시 강남구 도산대로 328 (논현동) HS빌딩,02-758-8971,37.613433,127.077484
대치사거리,서울특별시 강남구 삼성로 402 (대치동),02-561-3287,37.613433,127.077484
포스코사거리,서울특별시 강남구 테헤란로 505 (삼성동) 화진빌딩,02-554-3235,37.613433,127.077484
을지병원사거리,"서울특별시 강남구 논현로 752 (논현동,구산빌딩)",02-758-8896,37.613433,127.077484
신사역,서울특별시 강남구 도산대로 108 (논현동) 렉스타워,02-758-8848,37.613433,127.077484
도곡역,서울특별시 강남구 남부순환로 2909 (대치동),02-758-8809,37.613433,127.077484
서울세관사거리,서울특별시 강남구 언주로 650 (논현동) 한국건설기술인협회,02-758-8798,37.613433,127.077484
청담사거리,서울특별시 강남구 도산대로 458 (청담동) 리츠타워,02-758-8726,37.613433,127.077484
한티역,"서울특별시 강남구 도곡로 408, 디마크빌딩 101호 (대치동)",02-758-8683,37.613433,127.077484
역삼초교사거리,서울특별시 강남구 역삼로 123 (역삼동),02-758-8739,37.613433,127.077484
코엑스몰,서울특별시 강남구 영동대로 513 (삼성동) 코엑스,02-758-8733,37.613433,127.077484
가로수길,"서울특별시 강남구 논현로175길 94, 1~2층 (신사동)",02-758-8661,37.613433,127.077484
역삼대로,"서울특별시 강남구 테헤란로 211, 한국고등교육재단빌딩 1층 (역삼동)",02-758-8626,37.613433,127.077484
역삼포스코,"서울특별시 강남구 테헤란로 134, P&S TOWER (역삼동)",02-758-8631,37.613433,127.077484
강남대로,"서울특별시 강남구 강남대로 456, 한석타워 2층 1-2호 (역삼동)",02-758-8624,37.613433,127.077484
청담,"서울특별시 강남구 도산대로 532, 인희빌딩 1층 (청담동)",02-758-8659,37.613433,127.077484
삼성도심공항,서울특별시 강남구 테헤란로87길 33 (삼성동),02-758-8635,37.613433,127.077484
삼성교,"서울특별시 강남구 영동대로86길 12, ,9,10번지 동남유화빌딩 (대치동)",02-758-8592,37.613433,127.077484
학동역,서울특별시 강남구 논현로 704 (논현동),02-758-8101,37.613433,127.077484
대치,서울특별시 강남구 도곡로 511 (대치동),02-758-8063,37.613433,127.077484
기술센터,"서울특별시 강남구 테헤란로 305, 한국기술센터 1층 (역삼동)",02-6009-3410,37.613433,127.077484
SSG마켓도곡R,"서울특별시 강남구 언주로30길 57, 타워팰리스Ⅱ F 지하1층 (도곡동)",02-2191-1219,37.613433,127.077484
삼성,"서울특별시 강남구 테헤란로 443, 애플트리타워 1층 (삼성동)",02-758-8038,37.613433,127.077484
선릉세화빌딩,"서울특별시 강남구 테헤란로64길 18, 세화빌딩 1층 (대치동)",02-758-8028,37.613433,127.077484
압구정역,"서울특별시 강남구 압구정로 170, 관영빌딩 1층 지하1층 (신사동)",02-758-8013,37.613433,127.077484
압구정로,서울특별시 강남구 압구정로42길 32 (신사동),02-758-8231,37.613433,127.077484
구역삼사거리,서울특별시 강남구 논현로 401 (역삼동),02-758-8247,37.613433,127.077484
큰길타워,"서울특별시 강남구 테헤란로 223, 큰길타워빌딩 (역삼동)",02-758-8116,37.613433,127.077484
강남구청역,"서울특별시 강남구 선릉로 669, 웰빙센터 1층 (논현동)",02-758-8119,37.613433,127.077484
대치역,"서울특별시 강남구 남부순환로 2936, 원플러스 상가107호 (대치동)",02-758-8120,37.613433,127.077484
포이,서울특별시 강남구 논현로 88 (개포동),02-758-8122,37.613433,127.077484
아크플레이스,서울특별시 강남구 테헤란로 142 (역삼동),02-758-8158,37.613433,127.077484
학여울역,서울특별시 강남구 영동대로 215 (대치동),02-758-8151,37.613433,127.077484
선정릉역,서울특별시 강남구 봉은사로 407 (삼성동) 에프오빌딩,02-758-8970,37.613433,127.077484
삼성현대힐,서울특별시 강남구 삼성로 605 (삼성동),02-758-8278,37.613433,127.077484
GS타워,서울특별시 강남구 논현로 508 (역삼동),02-758-8129,37.613433,127.077484
압구정미소,서울특별시 강남구 논현로 841 (신사동),02-758-8109,37.613433,127.077484
선릉역,"서울특별시 강남구 테헤란로 334, LG화재 빌딩 (역삼동)",02-758-8108,37.613433,127.077484
수서,서울특별시 강남구 밤고개로1길 10 (수서동) 수서현대벤쳐빌 지하2층,02-758-8165,37.613433,127.077484
코엑스사거리,서울특별시 강남구 영동대로 616 (삼성동),02-758-8478,37.613433,127.077484
역삼럭키,서울특별시 강남구 도곡로 183 (역삼동),02-758-8463,37.613433,127.077484
차병원사거리,"서울특별시 강남구 봉은사로 213, 센트럴타워 (논현동)",02-758-8444,37.613433,127.077484
청담공원,서울특별시 강남구 학동로 506 (삼성동),02-758-8394,37.613433,127.077484
신압구정,서울특별시 강남구 언주로174길 29 (신사동),02-758-8398,37.613433,127.077484
아크로힐스논현,"서울특별시 강남구 봉은사로 304, 금강빌딩 1-2층 (역삼동)",02-758-8317,37.613433,127.077484
뱅뱅사거리,서울특별시 강남구 강남대로 282 (도곡동),02-758-8325,37.613433,127.077484
강남비젼타워,"서울특별시 강남구 테헤란로2길 27, 1층 101호 (역삼동)",02-758-8492,37.613433,127.077484
역삼역,"서울특별시 강남구 테헤란로 145, 우신빌딩 1층 (역삼동)",02-758-8314,37.613433,127.077484
압구정로데오역,"서울특별시 강남구 선릉로 836, 삼원빌딩 1,2층 (청담동)",02-758-8345,37.613433,127.077484
르네상스사거리,서울특별시 강남구 테헤란로 306 (역삼동),02-758-8321,37.613433,127.077484
포스코,"서울특별시 강남구 삼성로86길 7, 1층 (대치동)",02-758-8331,37.613433,127.077484
선릉로,"서울특별시 강남구 선릉로93길 22, 대흥빌딩 1층 (역삼동)",02-758-8552,37.613433,127.077484
삼성역,서울특별시 강남구 테헤란로103길 9 (삼성동),02-758-8585,37.613433,127.077484
논현힐탑,서울특별시 강남구 논현로 648 (논현동),02-758-8426,37.613433,127.077484
도산가로수길,"서울특별시 강남구 도산대로 134, 2층 (논현동)",02-758-8429,37.613433,127.077484
미아뉴타운,서울특별시 강북구 삼양로 161 (미아동),02-980-3341,37.613433,127.077484
강북구청사거리,서울특별시 강북구 도봉로 365 (수유동),02-758-8944,37.613433,127.077484
미아사거리역,서울특별시 강북구 도봉로 32 (미아동),02-758-8859,37.613433,127.077484
수유역,서울특별시 강북구 도봉로 342 (번동),02-758-8104,37.613433,127.077484
미아역,서울특별시 강북구 도봉로 196 (미아동),02-758-8500,37.613433,127.077484
우장산역,서울특별시 강서구 강서로 267 (내발산동),02-2664-2624,37.613433,127.077484
마곡사이언스타워R,서울특별시 강서구 마곡동로 62 (마곡동),02-2659-3585,37.613433,127.077484
방화DT,서울특별시 강서구 방화대로 375 (방화동),02-2664-3480,37.613433,127.077484
마곡나루역,서울특별시 강서구 마곡중앙로 161-17 (마곡동),02-3662-3504,37.613433,127.077484
마곡GMG,"서울특별시 강서구 마곡중앙6로 16 (마곡동) 117,118,119,120호",02-2659-3404,37.613433,127.077484
가양역,서울특별시 강서구 양천로 476 (등촌동),02-3661-3418,37.613433,127.077484
화곡DT,서울특별시 강서구 등촌로 57 (화곡동),02-2648-3257,37.613433,127.077484
양천향교역,서울특별시 강서구 강서로 463 (마곡동),02-2658-3312,37.613433,127.077484
화곡동,서울특별시 강서구 화곡로 142(화곡동),02-758-8881,37.613433,127.077484
등촌,서울특별시 강서구 공항대로 329 (등촌동),02-758-8883,37.613433,127.077484
염창역,서울특별시 강서구 공항대로 627 (염창동),02-758-8694,37.613433,127.077484
발산역,서울특별시 강서구 강서로 388 (등촌동) 그랜드마트,02-758-8720,37.613433,127.077484
가양이마트,"서울특별시 강서구 양천로 559, 가양이마트 1층 (가양동)",02-758-8070,37.613433,127.077484
까치산역,서울특별시 강서구 강서로13길 3 (화곡동),02-758-8538,37.613433,127.077484
관악서울대입구R,서울특별시 관악구 관악로 158 (봉천동),02-883-3725,37.613433,127.077484
신림DT,서울특별시 관악구 남부순환로 1419 (신림동),02-851-3283,37.613433,127.077484
서울대역,서울특별시 관악구 남부순환로 1817 (봉천동),02-876-3252,37.613433,127.077484
낙성대DT,서울특별시 관악구 남부순환로 1948 (봉천동),02-872-3249,37.613433,127.077484
사당,서울특별시 관악구 남부순환로 2082-25,02-758-8721,37.613433,127.077484
보라매대교,"서울특별시 관악구 보라매로3길 23, 대교빌딩 1층 (봉천동)",02-758-8629,37.613433,127.077484
신림사거리,서울특별시 관악구 남부순환로 1619 (신림동),02-758-8645,37.613433,127.077484
신림,서울특별시 관악구 신림로 355-1 (신림동),02-758-8290,37.613433,127.077484
신림역포도몰,"서울특별시 관악구 신림로 330, PODO MALL 1층 101 일부 (신림동)",02-758-8286,37.613433,127.077484
서울대입구역,서울특별시 관악구 남부순환로 1812 (봉천동),02-758-8460,37.613433,127.077484
어린이대공원역,서울시 광진구 능동로243,02-464-3656,37.613433,127.077484
아차산역,서울시 광진구 천호대로 676,02-455-3637,37.613433,127.077484
올림픽대교북단,서울특별시 광진구 광나루로 608 (구의동),02-453-3514,37.613433,127.077484
구의DT,서울특별시 광진구 광나루로 519 (구의동),02-758-8901,37.613433,127.077484
자양사거리,서울특별시 광진구 아차산로 355,02-758-8865,37.613433,127.077484
군자역,서울특별시 광진구 천호대로 548 (군자동) 중앙빌딩,02-758-8748,37.613433,127.077484
광나루,"서울특별시 광진구 아차산로 607, 1,2층 (광장동)",02-758-8648,37.613433,127.077484
건대스타시티,서울특별시 광진구 아차산로 262 (자양동),02-758-8197,37.613433,127.077484
자양,서울특별시 광진구 능동로 50 (자양동),02-758-8159,37.613433,127.077484
강변역,서울특별시 광진구 구의강변로 64 (구의동) 구의아크로리버,02-758-8759,37.613433,127.077484
건대입구,서울특별시 광진구 능동로 107 (화양동),02-758-8305,37.613433,127.077484
구의역,서울특별시 광진구 아차산로 373 (구의동),02-758-8476,37.613433,127.077484
광장,서울특별시 광진구 아차산로 537-17 (광장동),02-758-8508,37.613433,127.077484
건국클래식,서울특별시 광진구 능동로 90 (자양동) 더 클래식500,02-758-8519,37.613433,127.077484
가산에스케이,서울특별시 금천구 가산디지털1로 171 (가산동),02-6244-8046,37.613433,127.077484
독산사거리,서울특별시 금천구 시흥대로 426 (독산동),02-838-3444,37.613433,127.077484
금천시흥,서울특별시 금천구 시흥대로 164 (시흥동),02-805-3360,37.613433,127.077484
가산디지털단지역,서울특별시 금천구 벚꽃로 298 (가산동),02-2083-8302,37.613433,127.077484
금천독산,서울특별시 금천구 두산로 70 (독산동),02-758-8765,37.613433,127.077484
가산디지털,서울특별시 금천구 가산디지털1로 168 (가산동),02-758-8147,37.613433,127.077484
W-Mall,서울특별시 금천구 디지털로 188 (가산동),02-758-8196,37.613433,127.077484
마리오아울렛,서울특별시 금천구 벚꽃로 266 마리오아울렛3관,02-758-8542,37.613433,127.077484
가산브이타워,서울특별시 금천구 가산디지털1로 128 (가산동),02-758-8371,37.613433,127.077484
가산그레이트,"서울특별시 금천구 디지털로9길 32, 갑을그레이트밸리 1층 (가산동)",02-758-8346,37.613433,127.077484
월계트레이더스,서울시 노원구 마들로3길 15,02-971-3748,37.613433,127.077484
상계초교사거리,서울 노원구 노원로 449,02-931-3660,37.613433,127.077484
공릉DT,서울특별시 노원구 동일로 1015 (공릉동),02-971-3457,37.613433,127.077484
노원마들역,"서울특별시 노원구 노원로 569 (상계동, 임광아파트)",02-934-3438,37.613433,127.077484
공릉역,서울특별시 노원구 동일로 1081 (공릉동),02-972-3380,37.613433,127.077484
서울여대,서울특별시 노원구 화랑로 621 (공릉동),02-758-8647,37.613433,127.077484
은행사거리,"서울특별시 노원구 중계로 217, 중흥빌딩 103,203호 (중계동)",02-758-8238,37.613433,127.077484
노원KT,"서울특별시 노원구 노해로 502, (주)KT 노원사옥 (상계동)",02-758-8523,37.613433,127.077484
광운대,서울특별시 노원구 석계로 104 (월계동),02-758-8485,37.613433,127.077484
중계역,"서울특별시 노원구 동일로 1339, 대한빌딩 (상계동)",02-758-8567,37.613433,127.077484
노원역,"서울특별시 노원구 동일로 1413, 1층 (상계동)",02-758-8584,37.613433,127.077484
월계이마트,서울특별시 노원구 마들로3길 15 (월계동),02-758-8573,37.613433,127.077484
창동이마트,서울특별시 도봉구 노해로65길 4 (창동),02-903-3791,37.613433,127.077484
쌍문역,서울특별시 도봉구 도봉로 480 (창동),02-758-8691,37.613433,127.077484
남성역,서울특별시 동작구 사당로 219 (사당동),02-533-3783,37.613433,127.077484
보라매공원R,"서울특별시 동작구 보라매로5길 35 (신대방동, 파크스퀘어,보라매현대APT)",02-832-3693,37.613433,127.077484
이수자이,서울특별시 동작구 사당로 300 (사당동 이수자이),02-588-3657,37.613433,127.077484
노량진역,서울특별시 동작구 노량진로 134 (노량진동),02-816-3581,37.613433,127.077484
신대방삼거리역,서울특별시 동작구 상도로 102 (상도동),02-813-3501,37.613433,127.077484
중앙대,서울특별시 동작구 흑석로 75-1 (흑석동),02-812-3250,37.613433,127.077484
숭실대입구역,서울특별시 동작구 상도로 354 (상도동),02-815-3205,37.613433,127.077484
숭실대,서울특별시 동작구 사당로 4 (상도동),02-758-8153,37.613433,127.077484
사당역,"서울특별시 동작구 동작대로 21, 양지빌딩 1-3층 (사당동)",02-758-8311,37.613433,127.077484
상암YTN,서울특별시 마포구 상암산로 76 (상암동),02-304-3752,37.613433,127.077484
마포용강동,서울특별시 마포구 토정로 295 (용강동),02-3275-3655,37.613433,127.077484
홍대입구역사거리R,서울특별시 마포구 양화로 125 (서교동),02-325-3531,37.613433,127.077484
마포경찰서후문,서울특별시 마포구 마포대로 173-14 (아현동),02-392-3555,37.613433,127.077484
공덕,서울특별시 마포구 마포대로 130 (공덕동),02-716-3426,37.613433,127.077484
합정폴리스R,"서울특별시 마포구 양화로 45 (서교동, 메세나폴리스)",02-324-3587,37.613433,127.077484
홍대공항철도역,서울특별시 마포구 양화로 178 (동교동),02-332-3516,37.613433,127.077484
마포염리,서울특별시 마포구 독막로 311 (염리동),02-3272-3331,37.613433,127.077484
서강광흥창역,서울특별시 마포구 서강로 69 (창전동),02-325-3351,37.613433,127.077484
합정,"서울특별시 마포구 월드컵로1길 14 (합정동) 마포한강푸르지오 110, 111, 112-2",02-323-3214,37.613433,127.077484
서강대흥역,서울특별시 마포구 백범로 89-5 (대흥동),02-3272-3335,37.613433,127.077484
서교동사거리,서울특별시 마포구 양화로 105 (서교동),02-326-5218,37.613433,127.077484
상암사보이시티,서울특별시 마포구 월드컵북로54길 17 (상암동),02-373-3225,37.613433,127.077484
신촌오거리,서울특별시 마포구 신촌로16길 10 (노고산동),02-334-3275,37.613433,127.077484
상암디지털큐브,서울특별시 마포구 상암산로 34,02-758-8890,37.613433,127.077484
상수역,서울특별시 마포구 독막로 88 (상수동),02-758-8925,37.613433,127.077484
공덕오거리,서울특별시 마포구 마포대로 86 (도화동) 창강빌딩,02-758-8933,37.613433,127.077484
서교,서울특별시 마포구 양화로 78 (서교동) 서교빌딩 1층,02-758-8856,37.613433,127.077484
서강대,서울특별시 마포구 백범로 23 (신수동),02-758-8783,37.613433,127.077484
상암MBC,서울특별시 마포구 성암로 267 (상암동),02-758-8787,37.613433,127.077484
홍대공원,서울특별시 마포구 와우산로 83 (서교동),02-758-8786,37.613433,127.077484
홍대역,"서울특별시 마포구 양화로 165, 상진빌딩 1층 (동교동)",02-758-8672,37.613433,127.077484
동교,"서울특별시 마포구 월드컵북로 22, 영준빌딩 1층 (동교동)",02-758-8637,37.613433,127.077484
애오개역,"서울특별시 마포구 마포대로 201, 마포트라팰리스II (아현동)",02-758-8272,37.613433,127.077484
홍대갤러리,"서울특별시 마포구 와우산로 101, 정명빌딩 (서교동)",02-758-8293,37.613433,127.077484
상암DMC,"서울특별시 마포구 월드컵북로 375, DMC이안오피스텔1단지 102호,202호 (상암동)",02-6393-6219,37.613433,127.077484
마포일진빌딩,"서울특별시 마포구 마포대로 45, 일진빌딩 1층 (도화동)",02-758-8265,37.613433,127.077484
마포아크로,서울특별시 마포구 마포대로 68 (도화동) 마포아크로타워,02-758-8217,37.613433,127.077484
홍대삼거리,서울특별시 마포구 와우산로 64 (상수동),02-758-8402,37.613433,127.077484
망원역,서울특별시 마포구 월드컵로 74 (서교동),02-758-8365,37.613433,127.077484
마포이마트,서울특별시 마포구 백범로 212 (신공덕동) 마포이마트,02-758-8467,37.613433,127.077484
합정메세나몰,"서울특별시 마포구 양화로 45 (서교동, 메세나폴리스)",02-758-8534,37.613433,127.077484
가재울뉴타운,서울 서대문구 가재울미래로 2,02-304-3724,37.613433,127.077484
신촌역,서울특별시 서대문구 신촌로 73 (창천동),02-336-3529,37.613433,127.077484
연희동,서울특별시 서대문구 연희로 97 (연희동),02-326-3372,37.613433,127.077484
아현역,"서울특별시 서대문구 신촌로35길 10 (북아현동, E편한세상신촌 4단지)",02-312-3430,37.613433,127.077484
홍제역,서울특별시 서대문구 통일로 451 (홍제동),02-396-3383,37.613433,127.077484
연세백양로,서울특별시 서대문구 연세로 50 (신촌동) 연세대학교,02-758-8977,37.613433,127.077484
명지대,서울특별시 서대문구 거북골로 53 (남가좌동),02-758-8908,37.613433,127.077484
연희DT,서울특별시 서대문구 연희로 144 (연희동),02-758-8893,37.613433,127.077484
동교삼거리,서울특별시 서대문구 신촌로 1 (창천동),02-758-8688,37.613433,127.077484
경기대,서울특별시 서대문구 충정로 53 (충정로2가),02-758-8163,37.613433,127.077484
신촌대로,서울특별시 서대문구 신촌로 121 (창천동),02-758-8090,37.613433,127.077484
신촌,서울특별시 서대문구 연세로 10-1 (창천동),02-758-8035,37.613433,127.077484
이대R,서울특별시 서대문구 이화여대길 34 (대현동),02-758-8001,37.613433,127.077484
연세종합관,"서울특별시 서대문구 연세로 50, 연세세브란스 종합관 (신촌동)",02-758-8244,37.613433,127.077484
이대ECC,서울특별시 서대문구 이화여대길 52 (대현동) 이화여자대학교 B415호,02-758-8240,37.613433,127.077484
연대,서울특별시 서대문구 연세로 35 (창천동),02-758-8439,37.613433,127.077484
신촌아트레온,서울특별시 서대문구 신촌로 129 (창천동),02-758-8401,37.613433,127.077484
충정로역,서울특별시 서대문구 충정로 23,02-758-8479,37.613433,127.077484
연대동문,서울특별시 서대문구 성산로 565 (대신동),02-758-8450,37.613433,127.077484
신촌명물거리,"서울특별시 서대문구 명물길 24, 1-5층 (창천동)",02-365-8330,37.613433,127.077484
충정타워,"서울특별시 서대문구 서소문로 21, 충정타워빌딩 1층 (충정로3가)",02-758-8333,37.613433,127.077484
강남교보타워R,서울특별시 서초구 강남대로 465 (서초동),02-534-3604,37.613433,127.077484
방배다이치빌딩,서울특별시 서초구 방배로 114 (방배동),02-3473-3576,37.613433,127.077484
센트럴F1,서울특별시 서초구 신반포로 176 (반포동),02-537-3598,37.613433,127.077484
서초역이화빌딩,서울특별시 서초구 반포대로21길 3 (서초동),02-522-3533,37.613433,127.077484
서초구청,서울특별시 서초구 남부순환로 2557 (서초동),02-3471-3545,37.613433,127.077484
서초우성사거리,서울특별시 서초구 강남대로 343 (서초동),02-3486-3536,37.613433,127.077484
이수역사거리,"서울특별시 서초구 서초대로 3-4 (방배동, 방배디오슈페리움1)",02-3476-3472,37.613433,127.077484
강남대로신사,서울특별시 서초구 강남대로 595 (잠원동),02-516-3402,37.613433,127.077484
서울고속터미널,서울특별시 서초구 신반포로 194 (반포동),02-592-3432,37.613433,127.077484
강남대로논현R,서울특별시 서초구 강남대로85길 5 (반포동),02-515-3419,37.613433,127.077484
방배,서울특별시 서초구 방배로 211,02-536-3204,37.613433,127.077484
방배카페거리,서울특별시 서초구 방배중앙로 162 (방배동),02-536-3206,37.613433,127.077484
서초법원,서울특별시 서초구 서초대로 274 (서초동),02-523-3294,37.613433,127.077484
청계산입구역,서울특별시 서초구 청계산로 203 (신원동),02-577-3253,37.613433,127.077484
사당로데오,서울특별시 서초구 방배천로 5-4(방배동),02-758-8953,37.613433,127.077484
파미에파크R,서울특별시 서초구 사평대로 205 (반포동) CENTRALCITY,02-758-8790,37.613433,127.077484
교대역,서울특별시 서초구 서초중앙로 138 (서초동) 우림빌딩,02-758-8757,37.613433,127.077484
양재역,서울특별시 서초구 강남대로 202 (양재동) 모산빌딩,02-758-8816,37.613433,127.077484
논현역,서울특별시 서초구 강남대로 557 (잠원동) 1~2층,02-758-8819,37.613433,127.077484
이수역,서울특별시 서초구 동작대로 112 (방배동),02-758-8794,37.613433,127.077484
내방역,서울특별시 서초구 방배로 184 (방배동) 대풍빌딩,02-758-8740,37.613433,127.077484
서초파라곤,서울특별시 서초구 서초대로74길 29 (서초동) 서초파라곤,02-758-8716,37.613433,127.077484
서울아트센터,서울특별시 서초구 남부순환로 2395 (서초동) 호경빌딩,02-758-8738,37.613433,127.077484
서초중앙로,서울특별시 서초구 서초중앙로 225,02-758-8715,37.613433,127.077484
센트럴시티,서울특별시 서초구 신반포로 176 (반포동),02-758-8656,37.613433,127.077484
강남삼성타운,서울특별시 서초구 서초대로78길 24 (서초동),02-758-8213,37.613433,127.077484
방배역,서울특별시 서초구 방배로 84 (방배동),02-758-8086,37.613433,127.077484
반포역,서울특별시 서초구 신반포로 257 (잠원동) 신반포11차상가,02-758-8141,37.613433,127.077484
남부터미널,"서울특별시 서초구 서초중앙로 26, 래미안서초유니빌 1층 101호 (서초동)",02-758-8085,37.613433,127.077484
뉴코아강남,서울특별시 서초구 잠원로 69 (잠원동) 킴스클럽,02-758-8032,37.613433,127.077484
강남2,"서울특별시 서초구 서초대로77길 27, 유빌딩 1,2층 (서초동)",02-758-8081,37.613433,127.077484
교대,서울특별시 서초구 서초중앙로 118 (서초동),02-758-8073,37.613433,127.077484
하이브랜드,"서울특별시 서초구 매헌로 16, 리빙관 101호 (양재동)",02-2155-4117,37.613433,127.077484
신논현역,서울특별시 서초구 강남대로 483 (반포동) 청호빌딩,02-758-8756,37.613433,127.077484
영동2교,"서울특별시 서초구 논현로 139, 대흥빌딩 (양재동)",02-758-8291,37.613433,127.077484
남부터미널2,서울특별시 서초구 효령로 274 (서초동),02-758-8229,37.613433,127.077484
서래마을입구,서울특별시 서초구 서래로 48 (반포동),02-3482-8257,37.613433,127.077484
몬테소리,서울특별시 서초구 강남대로 399 (서초동),02-758-8225,37.613433,127.077484
서초역,서울특별시 서초구 반포대로 118 (서초동),02-758-8289,37.613433,127.077484
예술의전당,"서울특별시 서초구 남부순환로323길 1, 1층 (서초동)",02-758-8313,37.613433,127.077484
교대법원,서울특별시 서초구 서초중앙로 164 (서초동),02-758-8400,37.613433,127.077484
강남GT타워,"서울특별시 서초구 서초대로 411, GT타워 (서초동)",02-758-8477,37.613433,127.077484
서초동,"서울특별시 서초구 남부순환로339길 64, 현우빌딩 1층 (서초동)",02-758-8459,37.613433,127.077484
서울교대,"서울특별시 서초구 서초중앙로 64, 1층 (서초동)",02-758-8332,37.613433,127.077484
강남에비뉴,"서울특별시 서초구 서초대로77길 62, 강남역아이파크 B102~B105 (서초동)",02-758-8587,37.613433,127.077484
종암DT,서울특별시 성북구 종암로 17 (종암동),02-925-3469,37.613433,127.077484
미아,서울특별시 성북구 동소문로 314 (하월곡동),02-913-3364,37.613433,127.077484
성신여대정문,서울특별시 성북구 보문로34길 62 (동선동2가),02-922-3281,37.613433,127.077484
종암,서울특별시 성북구 종암로 122 (종암동),02-758-8980,37.613433,127.077484
삼선교,서울특별시 성북구 동소문로 10 (동소문동2가),02-758-8714,37.613433,127.077484
월곡역,"서울특별시 성북구 화랑로 76, 101-1호 (하월곡동)",02-758-8608,37.613433,127.077484
고대,서울특별시 성북구 인촌로24길 51 (안암동5가),02-758-8067,37.613433,127.077484
현대미아,"서울특별시 성북구 동소문로 315, 현대백화점미아점 지하 1층 (길음동)",02-758-8203,37.613433,127.077484
성신여대,서울특별시 성북구 동소문로24길 12 (동선동1가),02-758-8499,37.613433,127.077484
안암역,서울특별시 성북구 인촌로 102-2 (안암동5가),02-758-8541,37.613433,127.077484
한성대입구역,서울특별시 성북구 성북로 11 (성북동1가),02-758-8455,37.613433,127.077484
송파나루역DT,서울특별시 송파구 오금로 142 (송파동),02-421-3622,37.613433,127.077484
잠실시그마타워,서울특별시 송파구 올림픽로 289 (신천동),02-417-3614,37.613433,127.077484
문정법원로R,서울특별시 송파구 송파대로 201 (문정동),02-881-5012,37.613433,127.077484
송파개롱역,서울특별시 송파구 오금로 420 (가락동),02-401-3574,37.613433,127.077484
문정하비오,"서울특별시 송파구 송파대로 111 (문정동, 파크하비오) 204동 104호~107호",02-401-3431,37.613433,127.077484
문정역,"서울특별시 송파구 송파대로 167 (문정동)테라타워 B동 137호~139호,204호",02-2054-3836,37.613433,127.077484
잠실대교남단R,서울특별시 송파구 올림픽로35길 141 (신천동),02-416-0020,37.613433,127.077484
송파위례,"서울특별시 송파구 위례광장로 230 (장지동, 위례2차아이파크)",02-3012-3457,37.613433,127.077484
송파방이DT,서울특별시 송파구 오금로 241 (방이동),02-414-3269,37.613433,127.077484
송파구청,서울특별시 송파구 오금로 87 (방이동),02-2145-0300,37.613433,127.077484
올림픽평화의문,서울특별시 송파구 위례성대로 38 (방이동) 해태그린피아빌라트,02-758-8983,37.613433,127.077484
송파아이파크,서울특별시 송파구 법원로 55 (문정동),02-409-3245,37.613433,127.077484
송파사거리,서울특별시 송파구 송파대로 386 (송파동),02-758-8931,37.613433,127.077484
석촌서호,서울특별시 송파구 석촌호수로 176 (삼전동),02-758-8874,37.613433,127.077484
문정로데오,서울특별시 송파구 동남로 141 (가락동),02-758-8860,37.613433,127.077484
올림픽훼미리,서울특별시 송파구 중대로 68 (문정동),02-758-8793,37.613433,127.077484
올림픽공원남문,서울특별시 송파구 위례성대로 102 (방이동),02-758-8769,37.613433,127.077484
방이역,"서울특별시 송파구 마천로 53, 1~2층 (오금동)",02-758-8698,37.613433,127.077484
석촌호수,서울특별시 송파구 석촌호수로 262 (송파동),02-758-8693,37.613433,127.077484
잠실푸르지오월드,"서울특별시 송파구 올림픽로35가길 9, 잠실푸르지오월드마크 1층 (신천동)",02-758-8652,37.613433,127.077484
잠실새내역,서울특별시 송파구 올림픽로 96 (잠실동),02-758-8643,37.613433,127.077484
잠실역,"서울특별시 송파구 송파대로 562, 한빛프라자 1층, 2층 (신천동)",02-758-8077,37.613433,127.077484
갤러리아팰리스,"서울특별시 송파구 올림픽로 212, 갤러리아 팰리스 (잠실동)",02-758-8118,37.613433,127.077484
아시아선수촌,서울특별시 송파구 백제고분로 69 (잠실동),02-758-8124,37.613433,127.077484
올림픽아파트,서울특별시 송파구 양재대로 1222 (방이동),02-758-8580,37.613433,127.077484
가락본동,서울특별시 송파구 송파대로30길 13 (가락동),02-758-8495,37.613433,127.077484
석촌역,"서울특별시 송파구 백제고분로 358, 1층 (석촌동)",02-758-8350,37.613433,127.077484
가락시장역,"서울특별시 송파구 중대로 121, 롯데캐슬 파인힐 1층 (가락동)",02-758-8469,37.613433,127.077484
가든파이브,서울특별시 송파구 충민로 10 (문정동) 가든파이브툴,02-758-8406,37.613433,127.077484
등촌역,서울특별시 양천구 공항대로 566 (목동) 1층 2층,02-2645-3631,37.613433,127.077484
목동행복한,서울특별시 양천구 목동동로 309 (목동),02-2643-3652,37.613433,127.077484
신정DT,서울특별시 양천구 신월로 341 (신정동),02-2604-3441,37.613433,127.077484
목동역,서울특별시 양천구 목동로 203 (신정동) 1층일부,02-2602-3505,37.613433,127.077484
목동오목로,"서울특별시 양천구 오목로 279 (목동) 102,103,104,105호",02-2642-3326,37.613433,127.077484
목동8단지,서울특별시 양천구 목동서로 299 (신정동),02-2061-3381,37.613433,127.077484
오목교역,서울특별시 양천구 오목로 354 (목동),02-758-8941,37.613433,127.077484
신월IC DT,서울특별시 양천구 남부순환로 430 (신월동),02-758-8930,37.613433,127.077484
목동7단지,서울특별시 양천구 목동서로 213 (목동) 세신비젼프라자,02-758-8842,37.613433,127.077484
목동하이페리온,서울특별시 양천구 오목로 300 (목동),02-758-8610,37.613433,127.077484
목동5단지,"서울특별시 양천구 목동동로 411, 1동 116호(목동, 부영그린타운3차)",02-758-8615,37.613433,127.077484
목동,서울특별시 양천구 목동서로 67 (목동) 우성에펠타운,02-758-8099,37.613433,127.077484
현대목동,"서울특별시 양천구 목동동로 257, 현대백화점목동점 지하 2층 (목동)",02-2163-1750,37.613433,127.077484
목동파라곤,"서울특별시 양천구 목동서로 155, 목동파라곤 1층 (목동)",02-758-8353,37.613433,127.077484
샛강역,서울특별시 영등포구 여의대방로 376 (여의도동),02-780-3743,37.613433,127.077484
영등포역,서울특별시 영등포구 경인로 870 (영등포동1가),02-2068-3692,37.613433,127.077484
당산대로,서울특별시 영등포구 양평로 22 (당산동6가),02-2631-3397,37.613433,127.077484
여의도IFC몰(L1)R,서울특별시 영등포구 국제금융로 10 (여의도동) 지하1층 178호,02-6137-5178,37.613433,127.077484
여의도KBS R,서울특별시 영등포구 의사당대로 26 (여의도동),02-782-3470,37.613433,127.077484
여의도화재보험,서울특별시 영등포구 국제금융로6길 38 (여의도동),02-782-3565,37.613433,127.077484
국회대로,서울특별시 영등포구 국회대로 786 (여의도동),02-761-3466,37.613433,127.077484
영등포KT,서울특별시 영등포구 영중로 119 (영등포동8가),02-2671-3369,37.613433,127.077484
여의도공원R,서울특별시 영등포구 여의공원로 101 (여의도동),02-3775-3359,37.613433,127.077484
국회의사당역,서울특별시 영등포구 의사당대로 8 (여의도동),02-780-3346,37.613433,127.077484
선유도역,서울특별시 영등포구 양평로 115 (양평동4가),02-2634-3258,37.613433,127.077484
여의도역,서울특별시 영등포구 의사당대로 83 (여의도동) 한국휴렛팩커드빌딩,02-761-3236,37.613433,127.077484
선유동이레빌딩,서울특별시 영등포구 선유동2로 57 (양평제1동) 이레빌딩,02-2068-3224,37.613433,127.077484
동여의도,서울특별시 영등포구 국제금융로 86 (여의도동) 롯데캐슬 아이비,02-758-8875,37.613433,127.077484
여의도ABL타워,서울특별시 영등포구 의사당대로 147 (여의도동) 알리안츠타워,02-758-8834,37.613433,127.077484
영등포신길DT,서울특별시 영등포구 신길로 137 (신길동),02-758-8813,37.613433,127.077484
문래역,서울특별시 영등포구 당산로 34 (문래동3가),02-758-8833,37.613433,127.077484
당산,서울특별시 영등포구 양평로 64 (당산동6가),02-758-8713,37.613433,127.077484
여의도한양증권,서울특별시 영등포구 국제금융로6길 7 (여의도동) 한양증권,02-758-8711,37.613433,127.077484
여의도일신,서울특별시 영등포구 은행로 11 (여의도동) 1층 1부,02-758-8695,37.613433,127.077484
신세계영등포B2,"서울특별시 영등포구 영중로 9, 신세계백화점 B관 지하2층 (영등포동4가)",02-2639-4072,37.613433,127.077484
하이테크시티,서울특별시 영등포구 경인로 775 (문래동3가) 에이스하이테크시티,02-758-8210,37.613433,127.077484
당산역,"서울특별시 영등포구 당산로 231, 대원빌딩 1,2층 (당산동6가)",02-758-8270,37.613433,127.077484
서여의도,서울특별시 영등포구 국회대로70길 15-1 (여의도동),02-758-8008,37.613433,127.077484
여의도,서울특별시 영등포구 국제금융로2길 28 (여의도동),02-758-8007,37.613433,127.077484
여의도미래에셋대우,"서울특별시 영등포구 국제금융로 56, 대우증권빌딩 1층 (여의도동)",02-758-8052,37.613433,127.077484
롯데캐슬여의도,서울특별시 영등포구 의사당대로 127 (여의도동) 롯데캐슬앰파이어 1층 104호,02-758-8127,37.613433,127.077484
문래동,"서울특별시 영등포구 선유로 64, 대창타운빌 1층 (문래동3가)",02-758-8324,37.613433,127.077484
신세계영등포B,"서울특별시 영등포구 영중로 9, 신세계백화점 B관 1층 (영등포동4가)",02-2639-4058,37.613433,127.077484
여의도호성,"서울특별시 영등포구 여의대방로65길 24, 호성빌딩 1층 (여의도동)",02-758-8379,37.613433,127.077484
타임스퀘어B2,"서울특별시 영등포구 영중로 15, 타임스퀘어 단지 지하2층 (영등포동4가)",02-758-8415,37.613433,127.077484
영등포본동,서울특별시 영등포구 영등포로 254 (영등포동3가),02-758-8335,37.613433,127.077484
타임스퀘어,서울특별시 영등포구 영중로 15 (영등포동4가) 타임스퀘어,02-758-8303,37.613433,127.077484
여의도의사당,"서울특별시 영등포구 국회대로74길 12, 남중빌딩 1층 (여의도동)",02-758-8348,37.613433,127.077484
여의도IFC(1F),서울특별시 영등포구 국제금융로 10 (여의도동),02-6137-9955,37.613433,127.077484
불광역,서울시 은평구 통일로 715,02-352-3711,37.613433,127.077484
구파발사거리,서울시 은평구 진관3로 21 은평엘크루 101동 105-108호,02-389-3557,37.613433,127.077484
연신내역사거리,서울특별시 은평구 통일로 842 (불광동),02-358-3491,37.613433,127.077484
연신내,서울특별시 은평구 통일로 867 (갈현동),02-388-3348,37.613433,127.077484
구파발역,서울특별시 은평구 진관2로 12,02-758-8934,37.613433,127.077484
은평구청입구,서울특별시 은평구 은평로 170 (응암동),02-758-8762,37.613433,127.077484
은평이마트,서울특별시 은평구 은평로 111 (응암동),02-758-8139,37.613433,127.077484
구산역,서울특별시 은평구 연서로 146 (대조동),02-758-8515,37.613433,127.077484
연합뉴스,서울특별시 종로구 율곡로2길 25 (수송동),02-730-3742,37.613433,127.077484
혜화역,서울시 종로구 대학로12길 4 1~2층,02-742-3673,37.613433,127.077484
경희궁로,서울특별시 종로구 새문안로3길 15 (당주동),02-730-3761,37.613433,127.077484
종로평창동,서울특별시 종로구 평창12길 3 (평창동),02-396-3631,37.613433,127.077484
광화문우체국,서울특별시 종로구 종로 6 (서린동),02-733-3592,37.613433,127.077484
더종로R,서울특별시 종로구 종로 51 (종로2가),02-722-3507,37.613433,127.077484
독립문역,서울특별시 종로구 통일로 168-1 (교남동),02-737-3544,37.613433,127.077484
정부서울청사R,서울특별시 종로구 새문안로5가길 28 (적선동),02-722-3549,37.613433,127.077484
동묘앞역,"서울특별시 종로구 종로 344 (숭인동, 대우디오빌) 101호 일부, 201호 일부",02-2234-4265,37.613433,127.077484
종로구청,서울특별시 종로구 삼봉로 71 (수송동),02-6281-3272,37.613433,127.077484
북촌로,서울특별시 종로구 북촌로4길 23 (계동),02-758-8827,37.613433,127.077484
종로수송,서울특별시 종로구 종로5길 30 (청진동) 1~3층,02-758-8818,37.613433,127.077484
새문안로,서울특별시 종로구 새문안로 92 (신문로1가) 광화문오피시아빌딩,02-758-8788,37.613433,127.077484
안국,서울특별시 종로구 북촌로 5-1 (재동),02-758-8779,37.613433,127.077484
삼청동,서울특별시 종로구 삼청로 111-1 (삼청동),02-758-8771,37.613433,127.077484
광화문D타워,서울특별시 종로구 종로3길 17 (청진동) D타워,02-758-8954,37.613433,127.077484
서울극장,서울특별시 종로구 돈화문로 13 (관수동) 서울극장,02-758-8269,37.613433,127.077484
적선,"서울특별시 종로구 새문안로5길 55, 노스게이트빌딩 1층 (적선동)",02-758-8050,37.613433,127.077484
인사,서울특별시 종로구 인사동길 14 (인사동),02-758-8022,37.613433,127.077484
영풍문고,서울특별시 종로구 청계천로 41 (서린동) 영풍빌딩,02-758-8083,37.613433,127.077484
광화문R,"서울특별시 종로구 세종대로 167, 현대해상본사사옥 별관내 (세종로)",02-758-8036,37.613433,127.077484
성대입구,서울특별시 종로구 창경궁로 235 (명륜3가),02-758-8249,37.613433,127.077484
스페이스본,서울특별시 종로구 사직로8길 4 (사직동) 광화문 풍림스페이스본,02-758-8235,37.613433,127.077484
주얼리시티,서울특별시 종로구 종로 183 (인의동) 효성주얼리시티,02-6744-4882,37.613433,127.077484
종각,서울특별시 종로구 종로 64 (종로2가),02-758-8169,37.613433,127.077484
새종로,서울특별시 종로구 삼일대로19길 20 (관철동),02-758-8168,37.613433,127.077484
광교,서울특별시 종로구 청계천로 59 (관철동),02-758-8154,37.613433,127.077484
동숭로아트,서울특별시 종로구 동숭길 110 (동숭동),02-758-8430,37.613433,127.077484
종로관철,"서울특별시 종로구 종로12길 21, 2층 (관철동)",02-758-8360,37.613433,127.077484
경복궁역,"서울특별시 종로구 자하문로4길 6, 1층 (통의동)",02-758-8359,37.613433,127.077484
이마빌딩,서울특별시 종로구 종로1길 42 (수송동),02-758-8405,37.613433,127.077484
대명거리,서울특별시 종로구 대명길 5 (명륜4가),02-758-8316,37.613433,127.077484
마로니에공원,"서울특별시 종로구 대학로 116, 1-2층 (동숭동)",02-758-8315,37.613433,127.077484
종로3가,"서울특별시 종로구 종로 113-1, 1-4층 (종로3가)",02-758-8339,37.613433,127.077484
대학로,"서울특별시 종로구 대학로 57, 홍익대학교 대학로캠퍼스 內 (연건동)",02-758-8558,37.613433,127.077484
종로2가,서울특별시 종로구 삼일대로 403-1 (인사동),02-758-8548,37.613433,127.077484
경복궁사거리,"서울특별시 종로구 율곡로 6, B동 101호(중학동, 트윈트리타워)",02-758-8386,37.613433,127.077484
종로관수,서울특별시 종로구 삼일대로20길 13 (관수동),02-758-8560,37.613433,127.077484
숭례문북창,서울특별시 중구 세종대로12길 12 (남대문로4가),02-3789-3661,37.613433,127.077484
대한상공회의소R,서울시 중구 세종대로 39 상공회의소회관 1층,02-6050-1180,37.613433,127.077484
명동센트럴,서울특별시 중구 명동9길 16 (명동1가),02-3789-3640,37.613433,127.077484
국립중앙의료원,서울특별시 중구 을지로 251 (을지로6가),02-2269-3667,37.613433,127.077484
동국대,서울특별시 중구 서애로 1길 11,02-2269-3296,37.613433,127.077484
신세계본점5F,서울특별시 중구 소공로 63 (충무로1가),02-310-1514,37.613433,127.077484
을지로내외빌딩R,서울특별시 중구 을지로 51 (을지로2가),02-754-3429,37.613433,127.077484
대우재단빌딩,서울특별시 중구 퇴계로 18 (남대문로5가),02-6366-1381,37.613433,127.077484
동대문공원,서울특별시 중구 장충단로 229 (광희동1가),02-2279-3345,37.613433,127.077484
을지로국제빌딩,서울특별시 중구 남대문로 109 (다동),02-752-3464,37.613433,127.077484
동대입구역,서울특별시 중구 장충단로 166 (장충동1가),02-2264-3364,37.613433,127.077484
신당역사거리,서울특별시 중구 다산로 258 (흥인동),02-2253-3318,37.613433,127.077484
연세세브란스,서울특별시 중구 통일로 10 (남대문로5가),02-2259-3331,37.613433,127.077484
회현역,서울특별시 중구 퇴계로 72 (회현동) 리더스뷰남산,02-758-8986,37.613433,127.077484
을지로경기빌딩,서울특별시 중구 남대문로10길 9 (삼각동) 경기빌딩,02-758-8981,37.613433,127.077484
을지로2가,서울특별시 중구 삼일대로 358 (을지로2가),02-6250-8280,37.613433,127.077484
신세계본점6F,서울특별시 중구 퇴계로 77 (충무로1가),02-310-1431,37.613433,127.077484
서울중앙우체국,서울특별시 중구 소공로 70 (충무로 1가) 서울 중앙 우체국,02-758-8979,37.613433,127.077484
한국프레스센터,서울특별시 중구 세종대로 124 (태평로1가),02-722-3263,37.613433,127.077484
명동중앙로,서울특별시 중구 명동길 60 (명동 2가),02-758-8903,37.613433,127.077484
약수역,서울특별시 중구 다산로 129 (신당동),02-758-8862,37.613433,127.077484
중구저동,서울특별시 중구 수표로 34 (저동2가),02-758-8857,37.613433,127.077484
명동길,서울특별시 중구 명동10길 41,02-758-8849,37.613433,127.077484
소공로북창,서울특별시 중구 세종대로18길 32 (소공동) 삼원빌딩,02-758-8843,37.613433,127.077484
서소문로,서울특별시 중구 서소문로 120 (서소문동) 대한빌딩,02-758-8832,37.613433,127.077484
신당역,"서울특별시 중구 퇴계로 385, 1층 (흥인동)",02-758-8669,37.613433,127.077484
명동메트로,서울특별시 중구 명동9가길 14 (을지로1가) 메트로호텔,02-758-8764,37.613433,127.077484
숭례문,"서울특별시 중구 세종대로 17, 와이즈타워 1층 (남대문로5가)",02-758-8087,37.613433,127.077484
순화동더샵,"서울특별시 중구 칠패로 27, 1층 (순화동)",02-758-8209,37.613433,127.077484
대한극장,서울특별시 중구 퇴계로 212 (필동 2가),02-758-8030,37.613433,127.077484
소공동,서울특별시 중구 소공로 112 (소공동),02-758-8140,37.613433,127.077484
무교동,서울특별시 중구 무교로 21 (무교동) 코오롱빌딩 1층,02-758-8037,37.613433,127.077484
문화일보,서울특별시 중구 새문안로 22 (충정로1가) 문화일보,02-758-8047,37.613433,127.077484
태평로,"서울특별시 중구 세종대로 72, 대영빌딩 1층 (태평로2가)",02-758-8039,37.613433,127.077484
퍼시픽타워,"서울특별시 중구 세종대로9길 41, 퍼시픽타워 1층 (서소문동)",02-758-8079,37.613433,127.077484
남산단암,"서울특별시 중구 소월로 10, 단암빌딩 (남대문로5가)",02-758-8306,37.613433,127.077484
황학캐슬,서울특별시 중구 청계천로 400 (황학동) 롯데캐슬베네치아,02-2048-5257,37.613433,127.077484
서소문,서울특별시 중구 서소문로 130 (서소문동),02-758-8181,37.613433,127.077484
명동미래,"서울특별시 중구 명동 7길 8, 2층 (명동 1가)",02-758-8318,37.613433,127.077484
을지로삼화타워,서울특별시 중구 을지로5길 16 삼화타워1층,02-758-8483,37.613433,127.077484
소공로,"서울특별시 중구 남대문로7길 19, 삼영빌딩 1층 일부 (소공동)",02-758-8569,37.613433,127.077484
서소문배재,서울특별시 중구 서소문로 99 (서소문동),02-758-8409,37.613433,127.077484
을지로한국빌딩,"서울특별시 중구 을지로 50, 1층 (을지로 2가)",02-758-8385,37.613433,127.077484
순화동에이스,서울특별시 중구 통일로 92 (순화동) 에이스타워빌딩,02-758-8372,37.613433,127.077484
시청,"서울특별시 중구 을지로 19, 삼성화재삼성빌딩 1층 (을지로1가)",02-758-8504,37.613433,127.077484
시청플러스,"서울특별시 중구 을지로 19, 삼성화재삼성빌딩 1층 (을지로1가)",02-758-8505,37.613433,127.077484
충무로역,"서울특별시 중구 퇴계로 197, 충무빌딩 1층 (필동 2가)",02-758-8395,37.613433,127.077484
명동역,"서울특별시 중구 퇴계로 101, 건물 전체 (충무로 1가)",02-758-8562,37.613433,127.077484
남산스테이트,서울특별시 중구 퇴계로 100 (회현동2가),02-758-8539,37.613433,127.077484
명동입구,서울특별시 중구 남대문로 68-1 (명동2가),02-758-8506,37.613433,127.077484
명일역,서울특별시 강동구 양재대로 1647 (명일동),02-427-3681,37.613433,127.077484
강동구청DT,서울특별시 강동구 성내로 32 (성내동),02-489-3652,37.613433,127.077484
강동암사DT,서울특별시 강동구 고덕로 43 (암사동),02-426-3583,37.613433,127.077484
강동역,"서울특별시 강동구 천호대로 1089 (천호동, 강동 헤르셔)",02-477-3319,37.613433,127.077484
둔촌동,서울특별시 강동구 양재대로 1303 (성내동) 평원빌딩,02-478-3240,37.613433,127.077484
천호로데오,서울특별시 강동구 천호대로 1037 (천호동),02-758-8923,37.613433,127.077484
천호이마트,서울특별시 강동구 천호대로 1015-14 (천호동) 이마트별관,02-758-8732,37.613433,127.077484
길동역,서울특별시 강동구 양재대로 1487 (길동),02-758-8776,37.613433,127.077484
상일동,"서울특별시 강동구 상일로10길 36, 1~2층 (상일동)",02-758-8670,37.613433,127.077484
올림픽공원북문,서울특별시 강동구 강동대로 171 (성내동),02-758-8761,37.613433,127.077484
천호역,"서울특별시 강동구 천호대로 1012, 태승빌딩 (성내동)",02-758-8296,37.613433,127.077484
명일이마트,서울특별시 강동구 동남로75길 5 (명일동) 명일이마트별관주차장,02-758-8752,37.613433,127.077484
길동사거리,"서울특별시 강동구 양재대로 1441, 1층 (길동)",02-758-8342,37.613433,127.077484
신도림,서울특별시 구로구 경인로 610 (신도림동),02-2635-3516,37.613433,127.077484
구로디지털타워,서울특별시 구로구 디지털로32길 30 (구로동),02-2103-5088,37.613433,127.077484
오류동역,서울특별시 구로구 경인로 216 (오류동),02-758-8775,37.613433,127.077484
구로디지털로,"서울특별시 구로구 디지털로33길 11, 에이스테크노8차 1층 (구로동)",02-758-8655,37.613433,127.077484
신세계아이앤씨,"서울특별시 구로구 디지털로31길 61, 신세계디지털센터 101호 (구로동)",02-758-8092,37.613433,127.077484
구로에이스,"서울특별시 구로구 디지털로 285, 에이스트윈타워1차 103호 (구로동)",02-758-8161,37.613433,127.077484
구로하이엔드,"서울특별시 구로구 디지털로26길 5, 에이스하이엔드타워1차 103호 (구로동)",02-758-8340,37.613433,127.077484
현대디큐브2F,서울특별시 구로구 경인로 662 (신도림동),02-2210-9237,37.613433,127.077484
구로호텔,"서울특별시 구로구 디지털로32길 72, 구로호텔 1층 (구로동)",02-758-8555,37.613433,127.077484
현대디큐브B2,서울특별시 구로구 경인로 662 (신도림동),02-2210-9797,37.613433,127.077484
답십리역,서울특별시 동대문구 천호대로 263 (답십리동),02-2245-3417,37.613433,127.077484
경희대삼거리,서울특별시 동대문구 회기로 141 (회기동),02-959-3391,37.613433,127.077484
외대정문,서울특별시 동대문구 이문로 93 (이문동),02-965-3373,37.613433,127.077484
신설동역,서울특별시 동대문구 왕산로 19 (신설동),02-758-8942,37.613433,127.077484
회기역사거리,서울특별시 동대문구 이문로 37 (회기동),02-758-8767,37.613433,127.077484
외대,서울특별시 동대문구 휘경로 12-1 (이문동),02-758-8132,37.613433,127.077484
장한평역,서울특별시 동대문구 장한로 10 (장안동),02-758-8475,37.613433,127.077484
경희대,서울특별시 동대문구 경희대로 16-1 (회기동),02-758-8351,37.613433,127.077484
뚝섬역,서울특별시 성동구 아차산로 42 (성수동1가),02-469-3488,37.613433,127.077484
황학사거리,"서울특별시 성동구 왕십리로 410 (하왕십리동, 센트라스)",02-2294-3409,37.613433,127.077484
성수역,서울특별시 성동구 성수이로 94 (성수동2가),02-469-3460,37.613433,127.077484
상왕십리역,서울특별시 성동구 왕십리로 382 (하왕십리동),02-2294-3342,37.613433,127.077484
왕십리역,서울특별시 성동구 왕십리로 326 (도선동),02-758-8900,37.613433,127.077484
엔터식스한양대,서울특별시 성동구 행당동 왕십리로 241 B1층,02-758-8846,37.613433,127.077484
한양대,서울특별시 성동구 왕십리로 225 (행당동),02-758-8015,37.613433,127.077484
엔터식스,서울특별시 성동구 왕십리광장로 17 (행당동),02-2200-6250,37.613433,127.077484
성수이마트,서울특별시 성동구 뚝섬로 379 (성수동2가) 이마트 성수점,02-758-8282,37.613433,127.077484
이태원역,서울특별시 용산구 이태원로 188 (이태원동),02-798-9780,37.613433,127.077484
한강진역R,서울특별시 용산구 이태원로 252 (한남동),02-797-3556,37.613433,127.077484
용산역써밋R,"서울특별시 용산구 한강대로 69 (한강로2가, 용산푸르지오써밋)",02-749-3550,37.613433,127.077484
이촌,서울특별시 용산구 이촌로 276 (이촌동),02-3785-3518,37.613433,127.077484
신용산역,"서울특별시 용산구 한강대로 95 (한강로2가, 래미안용산)",02-794-3487,37.613433,127.077484
용산파크타워,"서울특별시 용산구 서빙고로 67 (용산동5가, 파크타워)",02-3785-3386,37.613433,127.077484
남영동,서울특별시 용산구 한강대로 275 (갈월동),02-3275-3320,37.613433,127.077484
한남동R,서울특별시 용산구 독서당로 94 (한남동),070-7831-9088,37.613433,127.077484
서울타워,서울특별시 용산구 남산공원길 105 (용산동2가) YTN서울타워 1층,02-319-3246,37.613433,127.077484
서울역동자동,서울특별시 용산구 한강대로 372 (동자동),02-758-8734,37.613433,127.077484
이태원거리,"서울특별시 용산구 이태원로 213, 1,2층 (한남동)",02-758-8622,37.613433,127.077484
순천향입구,서울특별시 용산구 대사관로 67 (한남동),02-758-8600,37.613433,127.077484
숙대,서울특별시 용산구 청파로47길 57 (청파동3가),02-758-8191,37.613433,127.077484
동빙고,서울특별시 용산구 장문로 12 (동빙고동),02-798-8262,37.613433,127.077484
숙대입구역,서울특별시 용산구 한강대로 291 (갈월동),02-758-8377,37.613433,127.077484
용산아이파크몰,서울특별시 용산구 한강대로23길 55,02-2012-2907,37.613433,127.077484
동부이촌동,서울특별시 용산구 이촌로 198 (이촌동),02-758-8368,37.613433,127.077484
상봉,"서울특별시 중랑구 상봉로 131 (상봉동, 상봉 듀오트리스 주상복합)",02-438-5223,37.613433,127.077484
중랑역,서울특별시 중랑구 망우로30길 3 (상봉동),02-758-8935,37.613433,127.077484
중랑구청,서울특별시 중랑구 신내로 72,02-758-8887,37.613433,127.077484
사가정역,서울특별시 중랑구 면목로 310,02-758-8823,37.613433,127.077484
상봉역,"서울특별시 중랑구 망우로 307, ,3,4번지 (상봉동)",02-758-8486,37.613433,127.077484
묵동이마트,"서울특별시 중랑구 동일로 932, 묵동이마트 B1층 (묵동)",02-758-8370,37.613433,127.077484
